{
    "W": 1000,
    "H": 1000,
    "num_targets": 43,
    "targets": {
      "0": [
        401.10681218091065,
        880.3873090986802
      ],
      "1": [
        380.08469451727876,
        880.3873090986802
      ],
      "2": [
        610.0023883779668,
        631.6892622310547
      ],
      "3": [
        728.0041369274307,
        431.48204426235
      ],
      "4": [
        672.6755204434331,
        448.4371630258828
      ],
      "5": [
        663.4976629705207,
        449.95734701541863
      ],
      "6": [
        781.3494200329905,
        413.1547060842297
      ],
      "7": [
        415.1522987884533,
        683.2893741166231
      ],
      "8": [
        499.7525647193253,
        546.5701068317682
      ],
      "9": [
        474.9938348094052,
        601.643332405452
      ],
      "10": [
        507.45685717842235,
        536.157859959312
      ],
      "11": [
        602.7308416279855,
        478.866179216866
      ],
      "12": [
        415.34384197114366,
        324.417512789786
      ],
      "13": [
        391.2124413209722,
        324.417512789786
      ],
      "14": [
        368.68939533160915,
        409.6815923961143
      ],
      "15": [
        338.12356258155114,
        411.2899470570667
      ],
      "16": [
        524.7383087716025,
        210.19696855042892
      ],
      "17": [
        473.2587981493548,
        243.98052407836062
      ],
      "18": [
        447.5190428380869,
        240.76280130045092
      ],
      "19": [
        460.3889204936488,
        942.5
      ],
      "20": [
        435.8156530305337,
        941.0071793222719
      ],
      "21": [
        440.7045647409064,
        921.452545936606
      ],
      "22": [
        433.9042750276502,
        785.8095689163696
      ],
      "23": [
        511.9647094354242,
        723.2164998743168
      ],
      "24": [
        446.71435877957225,
        748.3238586458476
      ],
      "25": [
        378.2604737298069,
        675.5323819458843
      ],
      "26": [
        307.26585450554376,
        669.1567302937049
      ],
      "27": [
        307.1675492742944,
        668.5030511781893
      ],
      "28": [
        355.74553538848295,
        649.4561592450283
      ],
      "29": [
        308.8336709267329,
        622.2104083281849
      ],
      "30": [
        286.98862699678654,
        614.3003843025092
      ],
      "31": [
        273.5978329607643,
        607.5821845246762
      ],
      "32": [
        259.938473086689,
        631.6892622310547
      ],
      "33": [
        260.53742557858897,
        600.7190605398016
      ],
      "34": [
        223.3081196742776,
        573.854369076365
      ],
      "35": [
        225.22760532505615,
        572.0696730726155
      ],
      "36": [
        171.81847449198105,
        575.6228497842164
      ],
      "37": [
        171.56612394971796,
        569.686024576966
      ],
      "38": [
        325.2536849259892,
        496.55402666335897
      ],
      "39": [
        286.6430385032265,
        502.9894722191424
      ],
      "40": [
        197.8835491769994,
        534.9011745279129
      ],
      "41": [
        503.82463089926875,
        192.5
      ],
      "42": [
        847.8564561200615,
        385.7072774247912
      ]
    },
    "q": {
      "0": 4,
      "1": 1,
      "2": 5,
      "3": 2,
      "4": 1,
      "5": 2,
      "6": 1,
      "7": 1,
      "8": 4,
      "9": 5,
      "10": 3,
      "11": 4,
      "12": 2,
      "13": 3,
      "14": 2,
      "15": 2,
      "16": 2,
      "17": 4,
      "18": 3,
      "19": 1,
      "20": 1,
      "21": 4,
      "22": 5,
      "23": 1,
      "24": 2,
      "25": 5,
      "26": 3,
      "27": 1,
      "28": 5,
      "29": 5,
      "30": 4,
      "31": 2,
      "32": 3,
      "33": 4,
      "34": 2,
      "35": 4,
      "36": 1,
      "37": 1,
      "38": 1,
      "39": 3,
      "40": 2,
      "41": 3,
      "42": 3
    },
    "r_s": 40,
    "r_c": 80
  }